{"DECISION_TRANSFORMER": {"rtg": {"S100000": {"A100": {"R10": 47.144106986626674, "R3": 50.649350649350644, "R4": 91.40429785107446, "R5": 48.217260913028994}, "A2": {"R3": 50.550550550550554, "R4": 46.33879781420765, "R5": 52.508361204013376, "R10": 60.50781810357194}, "A3": {"R3": 50.44955044955045, "R4": 49.0990990990991, "R5": 51.77257525083612, "R10": 50.01256281407035}, "A4": {"R3": 56.34365634365635, "R4": 62.268865567216395, "R5": 50.93395597064709, "R10": 47.69365755828529}, "A5": {"R3": 56.543456543456536, "R4": 51.324337831084456, "R5": 52.400000000000006, "R10": 50.582196068611495}, "A10": {"R3": 50.44955044955045, "R4": 51.9240379810095, "R5": 51.149616794401865, "R10": 49.74371796474559}, "A20": {"R3": 48.35164835164835, "R4": 58.72063968015993, "R5": 49.58347217594135, "R10": 55.518060242469694}, "A50": {"R3": 49.25074925074925, "R4": 50.924537731134436, "R5": 48.55048317227591, "R10": 48.15648043994501}}, "S100": {"A2": {"R3": 93.7062937062937, "R4": 52.35707121364093, "R5": 33.43353373413493, "R10": 98.69029275808937}, "A3": {"R3": 74.32567432567433, "R4": 65.68284142071036, "R5": 52.201467645096734, "R10": 99.37437437437437}, "A4": {"R3": 97.8021978021978, "R4": 42.85, "R5": 58.25275091697233, "R10": 99.68722632303265}, "A5": {"R3": 42.65734265734265, "R4": 55.1224387806097, "R5": 96.30123292235922, "R10": 69.224786103189}, "A10": {"R3": 99.9000999000999, "R4": 97.95102448775611, "R5": 97.66744418527158, "R10": 94.86185773221652}, "A20": {"R3": 99.5004995004995, "R4": 89.05547226386807, "R5": 49.95001666111296, "R10": 99.93750781152356}, "A50": {"R3": 99.4005994005994, "R4": 99.60019990004997, "R5": 53.08230589803399, "R10": 32.33345831771028}, "A100": {"R3": 36.56343656343656, "R4": 66.56671664167916, "R5": 44.78507164278574, "R10": 70.80364954380703}}, "S1000": {"A2": {"R3": 42.84284284284284, "R4": 61.60907127429805, "R5": 34.206109432695534, "R10": 69.81927710843372}, "A3": {"R3": 62.73726273726273, "R4": 50.025012506253134, "R5": 46.728971962616825, "R10": 74.40361941321633}, "A4": {"R3": 54.1, "R4": 50.1, "R5": 54.7, "R10": 49.737171464330416}, "A5": {"R3": 68.63136863136863, "R4": 54.32283858070964, "R5": 51.150383461153716, "R10": 45.20976831559174}, "A10": {"R3": 35.964035964035965, "R4": 12.643678160919542, "R5": 55.28157280906365, "R10": 52.306538317289665}, "A20": {"R3": 38.16183816183816, "R4": 49.17541229385307, "R5": 46.117960679773404, "R10": 36.49543807024122}, "A50": {"R3": 46.25374625374625, "R4": 78.41079460269866, "R5": 45.7514161946018, "R10": 59.74253218347707}, "A100": {"R3": 70.02997002997003, "R4": 52.423788105947025, "R5": 52.24925024991669, "R10": 50.39370078740157}}, "S10000": {"A2": {"R3": 34.3687374749499, "R4": 54.26706827309237, "R5": 53.92091152815014, "R10": 52.53147235905856}, "A3": {"R3": 48.15184815184816, "R4": 58.85, "R5": 38.06343906510851, "R10": 55.86187691450849}, "A4": {"R3": 48.95104895104895, "R4": 49.874937468734366, "R5": 45.47881214547881, "R10": 51.56351368885429}, "A5": {"R3": 51.14885114885115, "R4": 65.7, "R5": 44.93333333333333, "R10": 57.08387096774194}, "A10": {"R3": 45.354645354645356, "R4": 48.67566216891554, "R5": 54.04865044985006, "R10": 59.1971989496061}, "A20": {"R3": 66.73326673326673, "R4": 52.17391304347826, "R5": 43.18560479840053, "R10": 49.468816397950256}, "A50": {"R3": 53.14685314685315, "R4": 49.87506246876562, "R5": 56.647784071976005, "R10": 49.75628046494188}, "A100": {"R3": 49.05094905094905, "R4": 88.65567216391804, "R5": 47.91736087970676, "R10": 49.70628671416073}}, "S1000000": {"A2": {"R3": 99.69969969969969, "R4": 77.49874434957307, "R5": 51.997314535078885, "R10": 63.88994067903572}, "A3": {"R3": 82.91708291708292, "R4": 51.27563781890946}}}}}