{"DECISION_TRANSFORMER": {"rtg": {"S100000": {"A100": {"R10": 47.144106986626674, "R3": 50.649350649350644, "R4": 91.40429785107446, "R5": 48.217260913028994}}, "S100": {"A2": {"R3": 93.7062937062937, "R4": 52.35707121364093, "R5": 33.43353373413493, "R10": 98.69029275808937}, "A3": {"R3": 74.32567432567433, "R4": 65.68284142071036, "R5": 52.201467645096734, "R10": 99.37437437437437}, "A4": {"R3": 97.8021978021978, "R4": 42.85, "R5": 58.25275091697233, "R10": 99.68722632303265}, "A5": {"R3": 42.65734265734265, "R4": 55.1224387806097, "R5": 96.30123292235922, "R10": 69.224786103189}, "A10": {"R3": 99.9000999000999, "R4": 97.95102448775611, "R5": 97.66744418527158, "R10": 94.86185773221652}, "A20": {"R3": 99.5004995004995, "R4": 89.05547226386807, "R5": 49.95001666111296, "R10": 99.93750781152356}, "A50": {"R3": 99.4005994005994, "R4": 99.60019990004997, "R5": 53.08230589803399, "R10": 32.33345831771028}, "A100": {"R3": 36.56343656343656, "R4": 66.56671664167916, "R5": 44.78507164278574, "R10": 70.80364954380703}}, "S1000": {"A2": {"R3": 42.84284284284284}}}}}